ReportNumber,GlideNumber,Country,SubdivisionName,Area,BeginDate,EndDate,Duration,Source,NumberOfFatalities,NumberOfDisplaced,MainCause,Severity,FloodImpactIndex,Notes,geometry
2115,,United States of America,"Texas, Louisiana, Mississippi, Alabama, Tennessee, Missouri, Arkansas",457677.64258949,2003-01-01,2003-01-06,6,News,0,0,Heavy rain,1,6.4387109481787,,"MULTIPOLYGON (((-95.942326 33.512144, -95.105989 34.038236, -93.440472 33.305315, -92.523512 33.786436, -92.541007 35.608053, -90.596754 36.821613, -88.122831 36.093665, -87.748145 33.606883, -88.171894 32.617218, -88.639667 31.376231, -88.682582 30.426569, -89.516995 30.251202, -89.972704 30.128948, -90.021326 29.787714, -90.515708 29.539026, -91.023909 29.438963, -91.412131 29.636312, -91.948099 29.950875, -92.089218 29.863501, -92.320636 29.557879, -93.136926 29.797666, -93.906714 29.749295, -94.930654 29.388543, -96.601577 30.088549, -96.452742 31.980896, -95.942326 33.512144)))"
2159,,United States of America,"West Virginia, Virginia, Kentucky",42499.867524446,2003-02-15,2003-02-18,4,News,2,100,,1,5.2304475676491,,"MULTIPOLYGON (((-82.642662 38.447634, -82.211438 38.578542, -81.888014 38.509238, -81.631595 37.377795, -82.507811 36.633013, -84.16735 36.784338, -84.252054 38.701746, -82.642662 38.447634)))"
2167,,United States of America,"Texas, Arkansas, Mississippi, Alabama, Georgia, South Carolina, North Carolina, Virginia, Florida",785574.94006781,2003-02-22,2003-03-17,24,News,1,0,Heavy rain,1,7.2753988626669,,"MULTIPOLYGON (((-90.185632 29.218051, -91.079229 29.343896, -91.615157 29.717526, -93.865692 29.85009, -94.915292 29.340282, -95.784972 30.000034, -94.885308 31.289554, -92.310464 31.715263, -92.055583 36.822837, -87.971595 36.355597, -85.497888 34.168655, -85.10894 31.709402, -82.275527 32.230516, -82.129719 35.70566, -79.845351 37.455372, -75.90238 36.507602, -76.292236 35.068146, -78.571404 33.898578, -80.880524 32.129242, -81.4803 30.989666, -81.210412 29.910074, -84.089324 30.149978, -85.048972 29.76013, -86.098572 30.50985, -87.542284 30.420886, -88.853759 30.438716, -89.627054 30.192838, -89.681808 29.415199, -90.185632 29.218051)))"
2168,,United States of America,"Virginia, West Virginia",82478.427790379,2003-02-22,2003-02-23,2,News,2,0,Heavy rain,1,5.2173703694662,,"MULTIPOLYGON (((-82.102563 38.221151, -81.57684 38.659254, -78.44436 38.812598, -77.480539 38.243055, -77.173864 36.622062, -80.306328 36.534438, -82.102563 38.221151)))"
2183,,United States of America,"Virginia, North Carolina, South Carolina, Georgia",269996.82638059,2003-03-19,2003-03-31,13,News,0,0,Heavy rain,1,6.5453020116751,,"MULTIPOLYGON (((-81.316517 36.580766, -79.961482 37.507576, -77.23209 36.685259, -76.993728 36.50562, -76.629356 35.294872, -78.878747 33.907682, -81.479978 31.081468, -84.010814 32.225844, -84.395942 33.843376, -81.316517 36.580766)))"
2203,,United States of America,"Mississippi, Alabama",83502.647656545,2003-04-07,2003-04-10,4,News,0,100,Heavy rain,2,5.8247902330671,,"MULTIPOLYGON (((-88.962284 34.113062, -87.794844 33.860894, -87.847521 32.776454, -87.777691 31.744518, -88.103565 30.929838, -89.057911 30.883286, -90.568678 31.208476, -91.073011 32.133086, -90.428586 32.954962, -89.77482 33.832878, -88.962284 34.113062)))"
2225,,United States of America,"Indiana, Kentucky, Illinois, Tennessee, South Carolina, Georgia, Alabama, Mississippi",313672.72459474,2003-05-06,2003-05-14,9,News,3,2000,Heavy rain,2,6.7517492613752,,"MULTIPOLYGON (((-85.426249 38.05073, -86.037908 36.255208, -83.531446 35.488154, -81.966837 34.66182, -82.786645 32.902268, -85.126053 32.562352, -89.185013 32.842284, -89.444949 34.741796, -88.705141 36.581324, -89.663701 38.136162, -86.905577 39.427518, -85.426249 38.05073)))"
2237,,United States of America,"Virginia, North Carolina",17832.442979896,2003-05-25,2003-05-30,6,News,1,0,Heavy rain,1,5.0293620944008,,"MULTIPOLYGON (((-77.389516 36.405339, -79.329016 36.381295, -79.24086 37.327003, -78.271108 37.383103, -77.46966 37.383103, -77.389516 36.405339)))"
2253,,United States of America,"West Virginia, Kentucky, Ohio",60614.798361244,2003-06-13,2003-06-19,7,News,7,1500,Heavy rain,1,5.6276767048084,,"MULTIPOLYGON (((-84.824146 39.997964, -84.662114 40.01822, -83.99373 39.997964, -83.04181 38.72198, -82.11013 39.046036, -80.530322 38.924516, -80.793634 37.871316, -82.11013 37.486492, -82.859522 36.939644, -84.783634 38.96502, -84.824146 39.997964)))"
2259,,United States of America,Florida,18773.56353749,2003-06-22,2003-06-28,7,News,0,250,Heavy rain,1,5.1186447568432,,"MULTIPOLYGON (((-82.443596 27.934435, -81.700608 28.222975, -81.105496 26.646831, -81.826844 26.311405, -81.86652 26.390753, -81.97472 26.473708, -82.072104 26.441247, -82.162272 26.700932, -82.100956 26.700932, -82.064888 26.834381, -82.075708 26.938977, -82.140632 26.949797, -82.165876 26.791101, -82.29572 26.834381, -82.681642 27.47638, -82.407528 27.815413, -82.443596 27.934435)))"
2352,,United States of America,"North Carolina, West Virginia, Virginia, District of Columbia, Maryland",171199.17337331,2003-09-18,2003-09-24,7,News,7,2500,Tropical cyclone,1,6.0785997033912,,"MULTIPOLYGON (((-76.699913 34.565996, -78.162873 35.779588, -79.58179 36.7653, -80.35331 37.896868, -80.559038 39.697076, -79.427486 39.748516, -76.284297 39.553352, -75.453081 35.264226, -76.699913 34.565996)))"
2388,,United States of America,"West Virginia, Pennsylvania, Ohio, Kentucky, Tennessee, North Carolina, Virginia, District of Columbia, Maryland",213997.96273764,2003-11-19,2003-11-22,4,News,9,250,Heavy rain,2,6.2334996258738,,"MULTIPOLYGON (((-76.233752 39.542767, -76.558184 38.947999, -76.612248 38.731719, -76.432024 38.082879, -76.341896 37.361951, -83.226793 35.703809, -82.938425 37.920673, -81.190168 40.101487, -79.928544 41.110791, -78.396553 40.065445, -76.233752 39.542767)))"
2412,,United States of America,"West Virginia, Indiana, Illinois, Kentucky, Ohio",167998.10700356,2004-01-04,2004-01-16,13,News,2,60,Heavy rain,1,6.3392477404462,,"MULTIPOLYGON (((-88.923175 37.177118, -89.565991 37.948494, -89.051751 39.191246, -87.723271 40.176894, -86.609095 40.305454, -83.352199 40.476862, -81.595175 40.13403, -81.209511 39.36267, -81.809447 38.591294, -83.052231 38.205614, -84.637799 38.377038, -85.709159 38.119902, -87.508999 37.51995, -88.880327 36.87715, -88.923175 37.177118)))"
2537,,United States of America,South Carolina,274.97075970743,2004-07-29,2004-07-30,2,News,0,60,Torrential rain,2,3.0413465048932,,"MULTIPOLYGON (((-82.383866 34.870234, -82.275933 34.768558, -82.243084 34.668447, -82.308782 34.62934, -82.401072 34.699731, -82.451128 34.840513, -82.383866 34.870234)))"
2557,,United States of America,Virginia,10713.937340312,2004-08-30,2004-09-01,3,News,7,0,Tropical cyclone,1,4.507070356824,,"MULTIPOLYGON (((-77.030795 37.336193, -76.998635 36.885963, -77.261267 36.810925, -77.824055 36.832365, -78.167038 37.052418, -78.258203 37.44339, -78.070611 37.786422, -77.813335 37.925778, -77.41256 37.818863, -77.052139 37.589386, -77.030795 37.336193)))"
2560,,United States of America,"North Carolina, South Carolina, Georgia, Florida",308986.37172885,2004-09-05,2004-09-14,10,News,16,300,Tropical cyclone,1,6.4899393246886,,"MULTIPOLYGON (((-80.083403 26.409966, -82.058207 26.703324, -82.308635 26.896512, -82.72363 27.51185, -82.401651 27.848136, -82.644924 27.962616, -82.630614 27.762278, -82.73794 27.62633, -82.852422 27.8696, -82.6807 28.477784, -82.718188 29.315279, -83.102028 29.245495, -83.583667 30.387075, -83.256179 32.133683, -82.96246 35.456615, -81.531804 36.468535, -76.472156 36.538327, -76.507068 34.793623, -77.344508 34.584263, -78.125491 34.098627, -78.461116 34.060855, -80.254163 34.262371, -81.837043 31.697027, -81.462012 30.222527, -80.770291 28.806916, -80.555639 28.54218, -80.612879 28.19158, -80.219351 27.318662, -80.026163 26.789186, -80.083403 26.409966)))"
2562,,United States of America,"New York, Pennsylvania, West Virginia, Maryland, Kentucky, Tennessee, North Carolina, South Carolina, Georgia, Florida",363510.70747328,2004-09-08,2004-09-21,14,News,100,20000,Tropical cyclone,2,7.0076752391867,,"MULTIPOLYGON (((-83.092435 29.895835, -85.002803 30.987475, -83.965747 36.118163, -82.498273 39.601963, -75.004705 42.424211, -74.469441 40.745459, -78.671283 38.410595, -81.072883 36.554819, -82.819507 33.552819, -83.092435 29.895835)))"
2597,,United States of America,"Illinois, Kentucky, Missouri, Tennessee, Arkansas, Mississippi, Louisiana",263934.24038773,2004-12-07,2004-12-20,14,News,0,0,Heavy rain,1,6.5676237709033,,"MULTIPOLYGON (((-89.059031 38.256355, -87.701351 37.833187, -86.661063 36.951587, -86.819751 34.536007, -87.630823 33.037283, -88.724023 31.556195, -89.482199 30.392485, -90.769327 30.321955, -91.862511 31.062501, -91.686191 32.578851, -90.822223 35.258915, -89.059031 38.256355)))"
2606,,United States of America,"Pennsylvania, Ohio, Indiana, Illinois, Missouri, Arkansas, Tennessee, Kentucky, West Virginia",285908.87803669,2005-01-05,2005-02-01,28,News,3,4000,Heavy rain,2,7.204415668277,,"MULTIPOLYGON (((-91.58647 35.011877, -90.62062 38.862219, -87.644764 40.637295, -85.164876 40.911383, -83.807462 40.115212, -82.149862 40.271836, -80.413942 41.002748, -79.735238 40.154368, -81.665483 38.664391, -83.026795 38.295695, -84.671723 38.579311, -86.004699 37.728479, -87.989963 37.388151, -89.039307 36.367159, -89.811394 34.803045, -91.58647 35.011877)))"
2719,,United States of America,"Louisiana, Alabama, Mississippi",50377.420053249,2005-08-29,2005-09-19,22,News,1053,500000,Tropical cyclone,2,6.3456885989709,,"MULTIPOLYGON (((-91.08223 30.312608, -90.015138 30.920448, -88.596842 31.379704, -87.313626 31.244628, -87.070498 30.380148, -87.867442 30.218056, -88.569826 30.326116, -89.528866 30.245072, -89.812522 30.001936, -89.71797 29.880368, -89.299234 30.096488, -89.272218 29.92089, -89.54237 29.515664, -89.056098 29.150962, -89.218194 29.002378, -89.54237 29.232006, -89.812522 29.299544, -90.460882 29.029394, -90.731034 29.056408, -91.08223 30.312608)))"
2959,,United States of America,North Carolina,4560.173471343,2006-09-02,2006-09-07,6,News,0,140,Tropical cyclone,1,4.4371326141477,,"MULTIPOLYGON (((-77.986594 34.282096, -78.13064 34.670393, -78.208926 35.234048, -77.742344 35.202734, -77.532536 34.911512, -77.610824 34.535741, -77.93023 34.253913, -77.986594 34.282096)))"
3020,,United States of America,"Indiana, Illinois, Kentucky, Missouri, Mississippi, Tennessee, Louisiana, Texas, Arkansas",434387.21620714,2007-01-15,2007-02-03,20,News,24,0,Heavy rain,1,6.9389070313691,,"MULTIPOLYGON (((-88.30346 39.283965, -86.541092 39.933277, -85.376415 38.200377, -87.291135 37.518425, -88.667218 36.348809, -90.81117 31.356501, -93.127106 29.793972, -94.21561 29.584138, -96.130338 28.613663, -97.06147 29.046442, -96.48443 32.82343, -94.796516 33.625725, -92.281298 34.664289, -90.351762 37.788313, -88.30346 39.283965)))"
3285,,United States of America,"Texas, Oklahoma, Arkansas, Louisiana, Mississippi, Tennessee, Missouri, Iowa, Illinois, Indiana, Ohio, Wisconsin, Kentucky",928709.91958494,2008-03-17,2008-05-02,47,News,18,1000,Rain and snowmelt,1.5,7.8160692012796,,"MULTIPOLYGON (((-97.273526 32.249668, -95.222262 36.101028, -94.42687 37.817388, -92.894791 43.48448, -90.775111 43.810576, -87.51951 41.166412, -82.872758 41.375724, -81.030806 40.119836, -81.784342 38.780236, -85.803158 37.649948, -88.649814 36.435924, -91.036007 31.060012, -94.636182 31.077516, -97.273526 32.249668)))"
3366,FF-2008-000141-ETH,United States of America,"Georgia, Florida",98478.885247908,2008-08-20,2008-08-28,9,News,12,400,,2,6.2486156289683,,"MULTIPOLYGON (((-80.648913 28.051887, -82.462777 27.591223, -82.649921 29.016397, -83.686417 30.009701, -84.247849 30.240033, -85.068401 31.017397, -84.622137 31.722785, -82.851465 31.650809, -81.786177 31.377289, -81.455073 30.614321, -80.648913 28.051887)))"
3370,,United States of America,"Louisiana, Mississippi, Arkansas, Texas",163438.25007984,2008-09-01,2008-09-02,2,News,0,0,,1.5,5.690474958413,,"MULTIPOLYGON (((-91.73721 29.728982, -92.816874 29.628214, -93.695018 29.70019, -94.760298 29.282718, -94.91865 31.729982, -94.184474 33.399886, -90.61433 33.327902, -90.067306 33.111966, -90.686314 31.686798, -91.003018 29.282718, -91.73721 29.728982)))"
3379,,United States of America,"Missouri, Illinois, Indiana, Kentucky, Louisiana, Mississippi, Arkansas, Oklahoma, Texas, Tennessee",652500.8694889,2008-09-12,2008-09-16,5,News,8,200000,,1.5,6.6896423581208,,"MULTIPOLYGON (((-93.474209 29.829036, -94.086533 29.747393, -94.862149 30.033145, -95.392833 31.625197, -95.392833 33.829577, -94.902969 36.482997, -92.698593 39.422169, -89.228737 40.361069, -86.003817 40.238605, -85.513945 38.156693, -86.534489 36.319709, -89.228737 33.217249, -93.474209 29.829036)))"
3469,,United States of America,"Florida, Alabama, Georgia",82061.703944181,2009-03-30,2009-03-31,2,News,0,0,Heavy rain,1.5,5.391261785214,,"MULTIPOLYGON (((-83.88618 30.165042, -84.069876 30.144632, -84.78426 29.879289, -85.172068 29.67518, -85.661928 30.205864, -86.437544 30.430384, -87.825485 30.226276, -87.947951 30.634494, -88.009184 31.67545, -85.72316 32.002026, -82.457412 31.206, -83.88618 30.165042)))"
3478,,United States of America,West Virginia,16459.25108927,2009-05-03,2009-05-08,6,News,47,65000,,1.5,5.1706525799755,,"MULTIPOLYGON (((-82.498234 37.859958, -80.987826 38.043656, -80.069334 38.1253, -80.08975 37.349685, -82.192074 37.186398, -82.37577 37.655849, -82.498234 37.859958)))"
3484,,United States of America,Florida,13738.758435077,2009-05-15,2009-05-21,7,News,21,0,Heavy rain,1.5,5.1591367865855,,"MULTIPOLYGON (((-81.263374 29.797645, -80.936798 28.981209, -80.610222 28.572991, -80.528582 28.307649, -81.283782 28.164771, -81.773646 28.919977, -81.89611 29.797645, -81.263374 29.797645)))"
3544,FL-2009-000203-USA,United States of America,"Alabama, Georgia, Tennessee, North Carolina, South Carolina",225395.01126259,2009-09-21,2009-09-28,8,0,8,220,Heavy rain,1.5,6.4321255454902,,"MULTIPOLYGON (((-88.167366 32.282674, -88.493942 34.364588, -87.39175 35.385132, -84.697518 36.4465, -82.53395 36.324036, -81.18683 36.324036, -81.513406 34.282944, -84.33011 32.486784, -88.167366 32.282674)))"
3567,,United States of America,"Virginia, West Virginia, North Carolina, South Carolina, Tennessee, Georgia, Alabama, Mississippi",468142.06225404,2009-11-10,2009-11-13,4,0,0,0,,1,6.2724376552799,,"MULTIPOLYGON (((-76.806896 38.425249, -78.358111 35.241175, -83.011757 33.11846, -86.685688 32.465316, -88.890047 30.914101, -90.686191 31.240673, -90.196334 33.608317, -85.950902 35.812676, -82.930114 36.792391, -80.399184 38.506892, -78.358111 39.404964, -76.970182 39.323321, -76.806896 38.425249)))"
3580,,United States of America,"Louisiana, Mississippi, Alabama, Georgia, South Carolina",314990.21402708,2009-12-12,2009-12-15,4,0,0,0,Heavy rain,1,6.1003570528634,,"MULTIPOLYGON (((-79.990969 33.363388, -83.583258 31.15903, -85.297759 30.914101, -87.828689 30.424243, -89.706476 30.505886, -92.155764 30.179315, -92.972193 30.914101, -92.89055 32.138745, -90.849477 32.710245, -87.583761 32.791888, -84.889544 33.68996, -81.542185 34.751318, -80.399184 34.588032, -79.990969 33.363388)))"
3622,,United States of America,"Alabama, Georgia",48982.927808179,2010-03-10,2010-03-17,8,0,0,0,Heavy rain,1,5.5931347272117,,"MULTIPOLYGON (((-85.420223 32.710245, -86.971439 31.893816, -87.869511 31.975459, -88.073618 32.914352, -87.461296 33.730782, -86.481581 33.894067, -85.379402 33.894067, -84.685437 32.955174, -85.216116 32.302031, -85.420223 32.710245)))"
3625,,United States of America,"South Dakota, Nebraska, Kansas, Iowa, Missouri, Illinois, Kentucky, Indiana, Ohio, West Virginia, Virginia, New York, Pennsylvania, Maryland, New Jersey, Rhode Island, Massachusetts, Connecticut",1015176.3619031,2010-03-10,2010-03-24,15,0,0,0,Heavy rain,1,7.1826327558348,Snowmelt Dam B,"MULTIPOLYGON (((-70.520391 42.874788, -70.602034 41.650144, -72.15325 41.405216, -74.031037 40.507144, -75.663895 39.2825, -77.051824 37.486356, -80.725756 37.567999, -84.971187 37.486356, -89.216619 37.159784, -91.910835 37.812927, -97.054339 38.547714, -97.789125 43.527931, -97.135982 45.569004, -95.258195 43.119717, -91.665906 41.895073, -87.502118 41.405216, -84.48133 41.323573, -79.664398 41.731787, -77.786611 42.711502, -73.214607 42.874788, -70.520391 42.874788)))"
3629,,United States of America,"North Carolina, Virginia, District of Columbia, Maryland, New Jersey, New York, Pennsylvania, Massachusetts, Rhode Island, Connecticut, Vermont, New Hampshire",240301.50897091,2010-03-27,2010-03-31,5,0,0,0,Heavy rain,2,6.3807564979603,,"MULTIPOLYGON (((-68.560961 44.344361, -69.744784 43.568753, -70.602034 43.323824, -70.683677 42.548216, -70.561213 41.81343, -71.05107 41.650144, -72.234892 41.364394, -73.255429 41.160287, -73.337072 40.670429, -73.990215 40.466322, -73.990215 39.894822, -74.725001 39.078393, -75.786359 39.731536, -75.418966 38.99675, -75.25568 38.302785, -75.663895 37.812927, -76.153752 38.466071, -76.194574 39.527429, -76.521146 38.99675, -76.521146 38.221142, -76.521146 37.32307, -75.868002 36.588284, -76.317038 35.200354, -77.745789 34.424746, -78.154004 34.628854, -78.480575 37.32307, -77.909075 39.649893, -75.623073 41.609323, -73.092143 42.874788, -69.622319 44.548468, -68.560961 44.344361)))"
3785,,United States of America,"Louisiana, Mississippi, Alabama, Georgia, Tennessee, West Virginia, Virginia, Kentucky, Ohio, Indiana, Illinois, Missouri, Iowa, Minnesota, South Dakota, Wisconsin, Pennsylvania, Vermont, New York, New Hampshire, Maine, Massachusetts, Rhode Island",1163517.1141556,2011-03-07,2011-03-28,22,News,1,0,Heavy rain,1.5,7.5842867155786,and Snow,"MULTIPOLYGON (((-88.529314 30.158974, -89.405606 30.256339, -90.184532 29.672145, -90.67136 30.743168, -90.67136 32.203654, -89.697703 33.664141, -86.387267 35.806187, -82.492637 38.142965, -82.736052 38.435062, -83.271563 38.72716, -84.439952 38.532428, -88.139851 37.071942, -90.087166 36.585113, -97.121841 42.696257, -96.829743 45.592888, -91.937114 43.523866, -84.488634 40.797624, -79.084836 42.427058, -76.261229 43.400716, -73.924451 44.666471, -71.977136 43.887544, -70.127187 43.887544, -70.808747 43.30335, -70.51665 42.037595, -71.19821 41.258669, -73.632354 41.550766, -77.234887 40.09028, -79.766396 38.045599, -83.563661 35.319358, -88.431948 32.30102, -88.529314 30.158974)))"
3802,,United States of America,"West Virginia, Virginia, Kentucky, Tennessee, Missouri, Indiana, Illinois, Ohio, Pennsylvania",211220.92103768,2011-04-18,2011-04-25,8,News,3,0,Torrential rain,1,6.2278269190414,,"MULTIPOLYGON (((-78.184203 38.498336, -79.547324 37.962825, -90.768729 35.96743, -90.427949 37.622648, -80.740057 39.716011, -79.182205 40.154157, -78.013813 38.887799, -78.184203 38.498336)))"
3809,,United States of America,"Louisiana, Mississippi, Arkansas, Tennessee, Missouri, Illinois, Indiana, Kentucky",239421.32612482,2011-05-01,2011-06-09,40,News,1,25000,Heavy rain,2,7.282252818968,,"MULTIPOLYGON (((-90.632417 29.422297, -92.346054 30.824364, -91.722913 33.316927, -91.567128 34.563209, -91.02188 36.121061, -90.71031 37.367343, -91.099773 38.613624, -89.931384 38.847302, -89.074565 37.990483, -87.750391 38.613624, -86.114646 38.847302, -84.556794 38.925195, -84.556794 37.834698, -86.81568 36.666309, -88.529317 36.198954, -89.386135 34.874779, -90.476632 33.550605, -90.788202 32.070646, -90.788202 31.058042, -89.697706 30.434901, -89.931384 29.266512, -89.931384 29.266512, -90.632417 29.422297)))"
3849,,United States of America,North Carolina,26044.846629583,2011-08-06,2011-08-09,4,News,2,100,Torrential rain,1.5,5.1938730547278,,"MULTIPOLYGON (((-77.816499 36.195005, -78.692795 35.464758, -80.055922 35.02661, -80.932218 35.367392, -79.71514 36.58447, -77.816499 36.195005)))"
3861,,United States of America,"North Carolina, Virginia, New York, New Jersey, Maryland, Pennsylvania, Connecticut, Massachusetts, New Hampshire, Rhode Island, Vermont",252912.88511807,2011-08-27,2011-09-13,18,News,20,370000,,2,6.9592734566167,,"MULTIPOLYGON (((-70.459541 43.574536, -70.732165 44.587137, -70.693218 43.53559, -71.238465 41.510387, -73.497345 40.887248, -74.081538 39.757808, -75.678333 37.148412, -77.04145 35.045317, -77.664589 35.473725, -77.508805 37.537874, -76.690934 39.173615, -75.91201 41.043032, -74.432054 43.652428, -73.9647 45.093438, -70.849003 45.327115, -70.459541 43.574536)))"
3937,,United States of America,Florida,20116.973925631002,2012-06-09,2012-06-12,4,News,1,300,Torrential rain,1.5,5.0817139033958,,"MULTIPOLYGON (((-84.416889 30.16843, -85.220155 29.851992, -85.48791 30.095406, -86.145127 30.290137, -87.094441 30.387502, -87.045758 30.825647, -85.463568 30.87433, -83.930062 30.630916, -84.416889 30.16843)))"
3938,,United States of America,"Florida, Georgia",67994.98182045,2012-06-22,2012-07-02,11,News,3,17000,,2,6.174899542821,,"MULTIPOLYGON (((-82.100298 26.882344, -82.197663 26.711954, -82.441077 27.052733, -82.879222 28.099413, -82.781856 29.097409, -83.073953 29.170433, -83.414732 29.511213, -83.974584 30.16843, -84.77785 29.876333, -85.508091 29.876333, -86.335698 30.387502, -87.552767 30.363161, -87.26067 31.215109, -83.512098 30.898671, -82.222005 29.511213, -82.100298 26.882344)))"
3977,,United States of America,"Louisiana, Mississippi, Alabama",83938.233773298,2012-08-28,2012-09-07,11,News,1,60000,,1.5,6.1414437707694,,"MULTIPOLYGON (((-87.08227 30.40564, -87.95856 30.503005, -89.37036 30.259592, -89.662456 29.772764, -89.613774 29.431985, -89.954553 29.431985, -90.246649 29.139888, -91.609767 29.431985, -91.999229 31.476661, -89.759822 31.866123, -88.396705 31.768757, -87.08227 30.40564)))"
3997,TC-2012-000180-CUB; TC-2012-000180-,"United States of America,Haiti","Pennsylvania, New York, Virginia, Maryland, New Jersey, Connecticut",293995.05733335,2012-10-24,2012-10-29,6,News,65,0,,2,6.5475212751302,,"MULTIPOLYGON (((-71.856737 41.079335, -73.268537 40.714214, -73.974437 40.446459, -74.096144 39.886607, -74.582972 39.326755, -74.826386 39.010317, -75.410579 39.351097, -75.0698 38.718221, -75.410579 37.98798, -75.897406 37.087348, -75.873065 37.598517, -76.092137 38.3531, -76.31121 39.010317, -76.213844 39.424121, -76.505941 39.253731, -76.384234 38.207052, -76.432917 37.549835, -76.359893 37.014324, -76.092137 36.989983, -75.921748 36.381448, -76.578965 36.162376, -76.919744 37.038666, -77.357889 38.255735, -78.112472 39.278073, -78.599299 40.178704, -78.574958 41.590504, -78.112472 42.296404, -76.384234 43.050986, -75.386237 43.683862, -74.972434 43.026645, -73.998779 42.612842, -73.244196 41.8826, -72.854734 41.322748, -73.731024 40.957628, -72.173175 41.201042, -71.856737 41.079335)))"
4129,,United States of America,"Alabama, Mississippi, Louisiana",53220.787969864,2014-03-25,2014-03-30,6,News,0,200,Heavy rain,1.5,5.6803238097267,,"MULTIPOLYGON (((-87.668297 31.101594, -87.668297 30.655316, -89.350855 30.25947, -90.58803 30.656783, -90.58803 31.846858, -87.965219 32.589337, -87.668297 31.101594)))"
4134,,United States of America,"Alabama, Mississippi",82418.557653183,2014-04-01,2014-04-08,8,News,2,300,,1.5,5.995206256033,,"MULTIPOLYGON (((-85.688817 31.137789, -88.954959 30.742739, -89.845725 31.635743, -89.10342 32.974204, -87.470349 32.973384, -85.738304 32.823754, -85.391895 31.583918, -85.391895 31.236813, -85.688817 31.137789)))"
4135,,United States of America,"Florida, Georgia, Alabama, Mississippi, South Carolina",260469.80516892,2014-04-30,2014-05-01,2,News,1,200,Torrential rain,2,6.0178173765122,,"MULTIPOLYGON (((-80.443196 32.585557, -81.432936 30.007559, -85.886765 30.208142, -89.449829 30.904144, -89.152907 32.292415, -85.094973 32.488722, -81.828832 32.090389, -80.443196 32.585557)))"
4195,,United States of America,Florida,8447.0951702037,2014-10-21,2014-10-22,2,News,0,0,Torrential rain,1,4.2277373829047,,"MULTIPOLYGON (((-80.146274 26.31272, -80.814348 26.486609, -80.814348 27.527924, -80.467939 27.552544, -79.997813 26.982063, -80.146274 26.31272)))"
4274,,United States of America,"Ohio, Kentucky, West Virginia",44261.073059292,2015-07-18,2015-07-21,4,News,3,0,Torrential rain,1.5,5.4241731890775,,"MULTIPOLYGON (((-81.630884 38.53653, -82.373189 37.644347, -84.451643 37.199113, -84.699077 38.686831, -82.472163 39.578269, -81.630884 38.53653)))"
4295,,United States of America,South Carolina,61355.234804978,2015-10-01,2015-10-13,13,News,15,800,Heavy rain,2,6.2028249704524,Tropical Storm Joaquin,"MULTIPOLYGON (((-78.711151 33.873935, -79.453456 33.031338, -80.938066 32.189114, -81.432936 32.536468, -82.274215 33.925312, -81.630884 34.817545, -79.799865 34.767039, -78.711151 33.873935)))"
4314,,United States of America,"Mississippi, Alabama, Louisiana, Arkansas, Missouri, Tennessee, Kentucky, Kansas, Illinois, Indiana",526834.75788289,2015-12-15,2016-01-29,46,News,31,4000,Heavy rain,2,7.6854622471258,,"MULTIPOLYGON (((-90.736491 31.400655, -91.330335 31.202607, -92.320075 33.781601, -95.68519 36.659307, -95.68519 39.634495, -92.814945 40.128917, -88.460089 39.630864, -86.480609 38.142276, -87.470349 34.076683, -90.736491 31.400655)))"
4368,,United States of America,"West Virginia, Ohio",57042.991204006,2016-06-23,2016-06-24,2,News,25,2000,Torrential rain,2,5.3582622821783,,"MULTIPOLYGON (((-78.810125 39.13015, -80.072043 37.593604, -81.952549 37.792895, -82.298958 38.933558, -81.333962 40.296701, -78.958586 39.229398, -78.810125 39.13015)))"
4393,,United States of America,"Georgia, Florida",92386.254939246,2016-09-02,2016-09-10,9,News,2,0,,1,5.919849871914,,"MULTIPOLYGON (((-80.641144 26.883213, -80.888579 26.734578, -82.620624 26.933794, -82.818572 28.421488, -83.956773 29.760894, -84.847538 31.149763, -82.620624 31.396576, -80.641144 26.883213)))"
4402,,United States of America,"South Carolina, North Carolina, Georgia",138622.33742541,2016-10-05,2016-10-16,12,News,920,6000,,2,6.5220444592814,,"MULTIPOLYGON (((-76.286288 35.013205, -78.018333 33.724828, -80.294735 32.833415, -81.234988 30.751256, -82.52165 31.049421, -81.779345 33.875477, -78.612177 35.311893, -76.533723 35.310849, -76.286288 35.013205)))"
4469,,United States of America,"North Carolina, South Carolina, Tennessee, Georgia",133033.0883288,2017-04-26,2017-05-02,7,News,1,0,Heavy rain,1.5,6.1451489723031,,"MULTIPOLYGON (((-77.671924 34.815556, -79.255508 33.57669, -80.987553 34.172598, -84.154721 34.620468, -85.490869 35.662455, -84.253695 36.40563, -82.52165 36.40476, -79.651404 36.105799, -77.671924 34.815556)))"
4516,TC-2017-000132-CUB,United States of America,"Georgia, Florida",219532.85329855,2017-09-08,2017-09-19,12,News,84,3000,,2,6.7217107637322,,"MULTIPOLYGON (((-80.096787 27.031699, -80.146274 26.3871, -80.393709 25.147563, -81.086527 25.197497, -81.630884 26.288673, -82.274215 27.131966, -82.52165 28.074233, -82.571137 29.016401, -83.263955 29.760546, -84.055747 30.108049, -84.946512 29.612632, -85.589843 30.356753, -85.936252 30.654446, -82.076267 32.040927, -80.839092 32.040305, -81.482423 31.346418, -81.284475 29.957897, -80.54217 28.221998, -80.096787 27.031699)))"
4524,TC-2017-000148-NIC,United States of America,"Mississippi, Alabama, Texas, Louisiana",464442.54387618,2017-10-06,2017-10-07,2,News,22,10000,,1.5,6.1440532498611,,"MULTIPOLYGON (((-87.321888 30.40721, -88.806498 30.308783, -89.301368 30.110685, -90.390082 28.921157, -92.171614 29.715436, -95.140833 29.617755, -94.05212 33.286607, -88.212654 33.085326, -87.321888 30.40721)))"
4618,,United States of America,Virginia,33123.010317595,2018-05-10,2018-05-22,13,News,0,0,Heavy rain,1.5,5.810164411242,,"MULTIPOLYGON (((-76.979106 37.195358, -78.414229 36.501869, -79.05756 37.394748, -77.968846 38.931382, -77.028593 38.831736, -76.929619 37.542438, -76.979106 37.195358)))"
4625,,United States of America,"Alabama, Mississippi, North Carolina, Tennessee, Virginia, Georgia",221576.46067281,2018-05-27,2018-05-31,5,FloodList,3,23000,,1.5,6.2205848843267,,"MULTIPOLYGON (((-79.651404 37.147114, -80.641144 35.660018, -83.412416 34.570508, -86.183687 32.985134, -87.074453 31.299642, -87.371375 30.60558, -88.855985 30.606326, -88.954959 31.498932, -89.152907 33.085799, -87.371375 34.770843, -85.193947 35.364787, -83.313442 36.256398, -80.641144 37.445131, -79.651404 37.147114)))"
4630,,United States of America,"West Virginia, Virginia",20688.308922799,2018-06-02,2018-06-04,3,FloodLIst,0,0,Heavy rain,1.5,4.9689375063496,,"MULTIPOLYGON (((-77.622437 39.030381, -78.909099 37.940125, -80.54217 38.089705, -78.859612 39.328521, -78.56269 39.477131, -77.622437 39.030381)))"
4676,,United States of America,"North Carolina, South Carolina",95203.217847934,2018-09-15,2018-10-02,18,FloodList,12,1500000,,2,6.5349541284583,,"MULTIPOLYGON (((-76.385262 36.252917, -76.286288 35.558656, -77.07808 35.06319, -78.166794 34.072007, -79.255508 33.775036, -81.53191 34.569563, -80.938066 36.156032, -78.958586 36.353383, -76.385262 36.252917)))"
4678,,United States of America,"Tennessee, North Carolina",8943.5565454591,2018-09-26,2018-09-28,3,FloodList,1,40,Torrential rain,1.5,4.6047227709283,,"MULTIPOLYGON (((-83.51139 35.73584, -83.932029 34.868288, -84.822795 34.74477, -84.897025 35.488604, -83.51139 35.73584)))"
4687,,United States of America,"Florida, Georgia, South Carolina, Tennessee, North Carolina, Virginia",289139.5742627,2018-10-10,2018-10-12,3,FloodList,0,5000,,1.5,6.1143200509932,,"MULTIPOLYGON (((-83.263955 29.859719, -84.451643 29.66197, -85.243434 29.464022, -85.441382 30.158332, -86.530096 30.158879, -84.748564 34.719939, -83.362929 36.504355, -79.700891 37.791763, -77.523463 36.303075, -82.967033 33.033104, -83.263955 29.859719)))"
4854,,United States of America,"Tennessee, Alabama, Kentucky",138726.87161522,2019-12-28,2019-12-31,4,FloodList,2,0,Heavy rain,1.5,5.9203118431359,,"MULTIPOLYGON (((-85.490869 33.852549, -87.668297 33.159432, -88.757011 35.738476, -87.866245 38.118179, -84.699077 37.422377, -85.490869 33.852549)))"
4876,,United States of America,"Alabama, Mississippi",108059.76750514,2020-02-10,2020-02-17,8,FloodList,0,300,Heavy rain,2,6.2377840114584,,"MULTIPOLYGON (((-85.268178 32.699552, -85.317665 32.352471, -85.268178 31.162371, -87.148684 31.312075, -87.940476 30.915782, -89.276625 30.569348, -90.068416 31.115197, -91.404565 32.008425, -88.979703 33.197281, -85.268178 32.699552)))"
4899,,United States of America,"Indiana, West Virginia, Kentucky, Ohio",126521.34274215,2020-03-22,2020-04-03,13,FloodList,8,30,Heavy rain,1.5,6.3921984036989,,"MULTIPOLYGON (((-80.443196 40.990463, -80.641144 38.907931, -82.323702 37.917048, -85.193947 37.720144, -87.074453 39.010337, -86.084713 40.794953, -84.50113 40.199119, -83.115494 39.603385, -82.323702 39.900506, -80.443196 40.990463)))"
4964,,United States of America,"Mississippi, Alabama, Georgia, Florida",193717.8695202,2020-09-15,2020-09-18,4,FloodList,0,0,,2,6.1902596710877,,"MULTIPOLYGON (((-89.400342 30.371064, -89.796238 32.156376, -86.431122 34.931527, -83.362929 34.632466, -83.659851 33.145022, -86.332148 30.667041, -87.321888 30.37002, -89.400342 30.371064)))"
4991,,United States of America,North Carolina,48932.781383822,2020-11-10,2020-11-20,11,FloodLIst,7,0,,2,6.0320225829773,,"MULTIPOLYGON (((-79.55243 34.791708, -81.086527 34.792478, -82.02678 35.140056, -80.195761 36.577144, -78.859612 36.675645, -77.869872 35.683418, -79.55243 34.791708)))"
5044,,United States of America,"Tennessee, West Virginia, Virginia, Kentucky",99257.639067228,2021-02-28,2021-03-02,3,FloodList,0,0,Torrential rain,1.5,5.6499764546722,,"MULTIPOLYGON (((-87.581695 35.446565, -85.701189 37.329905, -84.315553 37.825074, -83.127865 38.221169, -81.346334 38.418619, -81.049412 37.823433, -81.24736 37.526013, -84.414527 35.544146, -85.800163 35.247324, -87.581695 35.446565)))"
5081,,United States of America,"Louisiana, Mississippi, Florida, Alabama, Georgia, South Carolina, North Carolina, Kentucky, Tennessee",545514.29237839,2021-06-19,2021-06-21,3,FloodList,15,0,,1.5,6.3900186472877,,"MULTIPOLYGON (((-91.280848 30.012507, -88.410602 35.366403, -83.263955 37.248103, -78.711151 36.05574, -79.799865 33.378618, -85.045486 30.90193, -89.697264 29.714193, -91.280848 30.012507)))"
5125,,United States of America,Alabama,5985.9407002385,2021-09-18,2021-09-20,3,FloodList,1,0,Torrential rain,1,4.254253664904,,"MULTIPOLYGON (((-87.04971 33.754159, -86.925992 32.985507, -87.321888 32.985706, -87.890989 33.308304, -87.742528 33.779301, -87.04971 33.754159)))"
5128,,United States of America,Alabama,35416.484713818,2021-10-06,2021-10-09,4,FloodList,4,0,Torrential rain,1.5,5.3273567031961,,"MULTIPOLYGON (((-87.61881 33.33296, -85.886765 33.33209, -85.391895 31.794661, -87.866245 31.647145, -87.61881 33.33296)))"
5298,,United States of America,Florida,4248,2022-09-28,2022-09-28,1,FloodList,27,10054,Tropical cyclone,1,3.6281845080734,Hurricane Ian,"MULTIPOLYGON (((-82.065125 27.113267, -82.306824 27.010541, -82.328796 26.844022, -82.059631 26.461084, -81.894836 26.461084, -81.806946 26.185365, -81.773987 25.99296, -81.625671 25.943574, -81.532288 26.037389, -81.614685 26.36761, -81.680603 26.598697, -81.845398 26.858725, -82.065125 27.113267)))"
5326,,United States of America,Florida,9539,2022-11-10,2022-11-10,1,FloodList,4,2120,Tropical cyclone,1,3.9795028487874,Hurricane Nicole,"MULTIPOLYGON (((-81.375732 30.097613, -81.507568 30.050077, -81.35376 29.51611, -80.980225 28.777289, -80.639648 27.780772, -80.36499 27.059126, -80.178223 26.765231, -80.397949 25.967922, -80.101318 25.987675, -80.046387 26.755421, -80.112305 27.068909, -80.57373 27.965295, -80.595703 28.323725, -80.474854 28.507316, -80.617676 28.652031, -80.793457 28.786918, -81.375732 30.097613)))"
5368,,United States of America,"West Virginia, Kentucky",62552,2023-02-16,2023-02-17,2,FloodList,2,0,Heavy rain,1,5.0972711957858,,"MULTIPOLYGON (((-85.425568 37.684984, -85.23056 37.651285, -85.046539 37.670854, -85.028687 37.545743, -85.057526 37.492371, -85.112457 37.468395, -85.204468 37.465125, -85.329437 37.455314, -85.448914 37.481474, -85.532684 37.517428, -85.510712 37.603429, -85.466766 37.708889, -85.425568 37.684984)), ((-80.474854 39.716232, -79.508057 39.724683, -79.442139 39.241361, -79.07959 39.479202, -78.95874 39.496159, -78.793945 39.690875, -78.695068 39.563949, -78.486328 39.572418, -78.376465 39.631672, -78.365479 39.521588, -78.442383 39.249869, -78.760986 38.900185, -79.046631 38.848866, -79.332275 38.411164, -79.61792 38.591718, -79.716797 38.393944, -80.013428 38.02274, -80.222168 37.54519, -80.540771 37.431864, -81.046143 37.29215, -81.727295 37.213447, -81.97998 37.414414, -81.936035 37.54519, -82.089844 37.5539, -82.243652 37.632247, -82.650146 38.135164, -82.617188 38.385333, -82.375488 38.376721, -82.265625 38.591718, -82.155762 38.617474, -82.188721 38.780384, -82.045898 39.019784, -81.914063 38.977093, -81.870117 38.891634, -81.782227 38.960009, -81.782227 39.096562, -81.661377 39.283892, -81.44165 39.41133, -81.375732 39.360383, -80.958252 39.589353, -80.837402 39.766919, -80.69458 40.120681, -80.661621 40.597857, -80.507813 40.664559, -80.474854 39.716232)))"
5458,,United States of America,West Virginia,4931,2023-08-27,2023-08-29,3,FloodList,0,0,Heavy rain,1,4.1700562572508,,"MULTIPOLYGON (((-81.963501 38.350273, -81.804199 38.23818, -81.655884 38.190704, -81.540527 38.233865, -81.348267 38.389033, -81.172485 38.440682, -80.908813 38.479395, -80.875854 38.775499, -81.177979 38.843986, -81.633911 38.801189, -81.985474 38.715519, -82.045898 38.535276, -81.963501 38.350273)))"
5488,,United States of America,Florida,3194,2023-11-17,2023-11-20,4,News,0,8,Heavy rain,1,4.1063949031304,Flash floods,"MULTIPOLYGON (((-80.535278 28.030773, -80.584717 28.148292, -80.608063 28.344274, -80.726166 28.343065, -80.774231 28.340648, -80.860748 28.335813, -80.873795 27.722521, -80.869675 27.642259, -80.776291 27.636176, -80.777664 27.559502, -80.321732 27.557068, -80.361557 27.66902, -80.401382 27.773567, -80.449448 27.87073, -80.494766 27.942332, -80.535278 28.030773)))"
